index,service_schedule,description,condition_in_months,condition_in_hours,updatedAt,createdAt,id
5,A,Inspect Battery Alert,12,100,2020-03-02T00:49:33.316Z,2020-03-02T00:49:33.316Z,5e5c581d91d58f00065f0265
3,A,Inspect Spark Plugs,12,100,2020-03-02T00:49:33.316Z,2020-03-02T00:49:33.316Z,5e5c581d91d58f00065f0266
6,A,Change / Inspect Air Filter,12,100,2020-03-02T00:49:33.316Z,2020-03-02T00:49:33.316Z,5e5c581d91d58f00065f0267
7,A,Clean / Inspect Air Inlet & Exhaust,6,50,2020-03-02T00:49:33.316Z,2020-03-02T00:49:33.316Z,5e5c581d91d58f00065f0268
1,A,Inspect Accessory Drive,12,100,2020-03-02T00:49:33.316Z,2020-03-02T00:49:33.316Z,5e5c581d91d58f00065f0269
2,A,Coolant Change & Flush,12,100,2020-03-02T00:49:33.316Z,2020-03-02T00:49:33.316Z,5e5c581d91d58f00065f026a
4,A,Change Oil & Filter,12,100,2020-03-02T00:49:33.316Z,2020-03-02T00:49:33.316Z,5e5c581d91d58f00065f026b
8,B,Change / Inspect spark plugs,24,250,2020-03-02T00:49:33.316Z,2020-03-02T00:49:33.316Z,5e5c581d91d58f00065f026c
